
delete  from T_SM_BTN;

INSERT INTO T_SM_BTN VALUES ('btn20151112172623jbmpihpjor5w00', '新增', '新增', '大数据平台_大数据应用_新增', 'mds_03', '新增', '', '增加');
INSERT INTO T_SM_BTN VALUES ('btn20151112172719bo2ubrvxukbc00', '修改', '修改', '大数据平台_大数据应用_修改', 'mds_03', '修改', '', '修改');
INSERT INTO T_SM_BTN VALUES ('btn20151112172853dauti02ftrk700', '删除', '删除', '大数据平台_大数据应用_删除', 'mds_03', '删除', '', '删除');
INSERT INTO T_SM_BTN VALUES ('btn20151112172936lfuqfulsfmr900', '维护映射关系', '维护映射关系', '大数据平台_大数据应用_维护映射关系', 'mds_03', '新增', '', '维护映射关系');
INSERT INTO T_SM_BTN VALUES ('btn20151112173102t5uxxcyomk8x00', '版本管理', '版本管理', '大数据平台_大数据应用_版本管理', 'mds_03', '新增', '', '版本管理');
INSERT INTO T_SM_BTN VALUES ('btn20151112173129fi81jez9vcto00', '影响分析', '影响分析', '大数据平台_大数据应用_影响分析', 'mds_03', '新增', '', '影响分析');
INSERT INTO T_SM_BTN VALUES ('btn20151112173223mlddx8vrsd0100', '血统分析', '血统分析', '大数据平台_大数据应用_血统分析', 'mds_03', '新增', '', '血统分析');
INSERT INTO T_SM_BTN VALUES ('btn201511131520277nhdkvxzbjlc00', '添加', '添加', '大数据平台_大数据应用_添加', 'mds_03', '新增', '', '添加');
INSERT INTO T_SM_BTN VALUES ('btn201511131521273z9q7dv0gxo100', '查看详细', '查看详细', '大数据平台_大数据应用_查看详细', 'mds_03', '新增', '', '查看详细');


delete  from T_SM_MENU;
INSERT INTO T_SM_MENU VALUES ('mds_00', '首页', '首页', '1', 'page/mb/home.jsp', 1, 'fa fa-home', '', 'mds');
INSERT INTO T_SM_MENU VALUES ('mds_01', '数据地图', '数据地图', '1', 'page/mb/dmv/DataMapView.jsp', 2, 'icon', '', 'mds');
INSERT INTO T_SM_MENU VALUES ('mds_02', '应用系统', '应用系统', '1', 'page/mb/view/viewTree.jsp?viewId=ff808081509489410150949b6daa000a&viewName=%E6%95%B0%E6%8D%AE%E5%9C%B0%E5%9B%BE', 3, 'icon', '', 'mds');
INSERT INTO T_SM_MENU VALUES ('mds_03', '大数据平台', '大数据平台', '1', 'page/mb/view/viewTree.jsp?viewId=ff808081506ffd7e015070094d9b0001&viewName=%E6%95%B0%E6%8D%AE%E5%9C%B0%E5%9B%BE', 4, 'icon', '', 'mds');
INSERT INTO T_SM_MENU VALUES ('mds_04', 'UTA快照管理', 'UTA快照管理', '1', 'page/mb/view/viewTree.jsp?viewId=ff808081509489410150948d37ac0003&viewName=%E6%95%B0%E6%8D%AE%E5%AD%97%E5%85%B8', 5, 'icon', '', 'mds');
INSERT INTO T_SM_MENU VALUES ('mds_05', '数据库对象查询', '数据库对象查询', '1', 'page/mb/mdquery/mbContent.jsp', 6, 'icon', '', 'mds');
INSERT INTO T_SM_MENU VALUES ('mds_05_01', '数据库对象查询', '数据库对象查询', '2', '', 1, 'fa fa-rebel', 'mds_05', 'mds');
INSERT INTO T_SM_MENU VALUES ('mds_05_01_01', '数据表查询', '数据表查询', '3', 'page/mb/dataDictQuery/dataTableQuery.jsp', 1, 'fa fa-rebel', 'mds_05_01', 'mds');
INSERT INTO T_SM_MENU VALUES ('mds_05_01_02', '数据流查询', '数据流查询', '3', 'page/mb/dataDictQuery/dataFlowQuery.jsp', 2, 'fa fa-rebel', 'mds_05_01', 'mds');
INSERT INTO T_SM_MENU VALUES ('mds_06', '统计分析', '统计分析', '1', 'page/mb/staticAnly/staticAnly.jsp', 7, 'icon', '', 'mds');
INSERT INTO T_SM_MENU VALUES ('mds_07', '系统管理', '系统管理', '1', 'page/sm/sysmgr/smContent.jsp', 9, 'icon', '', 'mds');
INSERT INTO T_SM_MENU VALUES ('mds_07_01', '元数据采集管理', '元数据采集管理', '2', '', 1, 'fa fa-rebel', 'mds_07', 'mds');
INSERT INTO T_SM_MENU VALUES ('mds_07_01_01', '适配器', '适配器', '3', 'page/mh/adapter/adpList.jsp', 1, 'fa fa-gears', 'mds_07_01', 'mds');
INSERT INTO T_SM_MENU VALUES ('mds_07_01_02', '数据源', '数据源', '3', 'page/mh/datasource/datasource.jsp', 2, 'fa fa-database', 'mds_07_01', 'mds');
INSERT INTO T_SM_MENU VALUES ('mds_07_01_03', '任务配置', '任务配置', '3', 'page/mh/taskconf/taskConfList.jsp', 3, 'fa fa-clock-o', 'mds_07_01', 'mds');
INSERT INTO T_SM_MENU VALUES ('mds_07_01_04', '手动采集', '手动采集', '3', 'page/mh/manualhv/manualWizard.jsp', 4, 'fa fa-hand-o-down', 'mds_07_01', 'mds');
INSERT INTO T_SM_MENU VALUES ('mds_07_01_05', '采集日志', '采集日志', '3', 'page/mh/hvlog/hvLogList.jsp', 5, 'fa fa-newspaper-o', 'mds_07_01', 'mds');
INSERT INTO T_SM_MENU VALUES ('mds_07_02', '元数据抽取管理', '元数据抽取管理', '2', '', 2, 'fa fa-paragraph', 'mds_07', 'mds');
INSERT INTO T_SM_MENU VALUES ('mds_07_02_01', '数据库版本类型定义', '数据库版本类型定义', '3', 'page/me/dataSource/dbType.jsp', 1, 'fa fa-file-text-o', 'mds_07_02', 'mds');
INSERT INTO T_SM_MENU VALUES ('mds_07_02_02', '数据源配置', '数据源配置', '3', 'page/me/dataSource/dataSource.jsp', 2, 'fa fa-database', 'mds_07_02', 'mds');
INSERT INTO T_SM_MENU VALUES ('mds_07_02_03', '抽取任务', '抽取任务', '3', 'page/me/task/taskConf.jsp', 3, 'fa fa-clock-o', 'mds_07_02', 'mds');
INSERT INTO T_SM_MENU VALUES ('mds_07_02_04', '抽取日志', '抽取日志', '3', 'page/me/task/taskInstance.jsp', 4, 'fa fa-newspaper-o', 'mds_07_02', 'mds');
INSERT INTO T_SM_MENU VALUES ('mds_07_03', '元数据变更管理', '元数据变更管理', '2', '', 3, 'fa fa-stack-exchange', 'mds_07', 'mds');
INSERT INTO T_SM_MENU VALUES ('mds_07_03_01', '元数据变更报表', '元数据变更报表', '3', 'page/mb/alter/alterReport/alterReport.jsp', 1, 'fa fa-file-image-o', 'mds_07_03', 'mds');
INSERT INTO T_SM_MENU VALUES ('mds_07_03_02', '元数据变更查询', '元数据变更查询', '3', 'page/mb/alter/alterQry/alterQry.jsp', 2, 'fa fa-search', 'mds_07_03', 'mds');
INSERT INTO T_SM_MENU VALUES ('mds_07_03_03', '元数据变更订阅', '元数据变更订阅', '3', 'page/mb/alter/alterSubscribe/alterSubscribe.jsp', 3, 'fa fa-book', 'mds_07_03', 'mds');
INSERT INTO T_SM_MENU VALUES ('mds_07_04', '元数据版本管理', '元数据版本管理', '2', '', 4, 'fa fa-list-alt', 'mds_07', 'mds');
INSERT INTO T_SM_MENU VALUES ('mds_07_04_01', '版本查询', '版本查询', '3', 'page/mb/metaVersion/versionSearch/versionSearch.jsp', 1, 'fa fa-search', 'mds_07_04', 'mds');
INSERT INTO T_SM_MENU VALUES ('mds_07_04_02', '版本发布', '版本发布', '3', 'page/mb/metaVersion/versionRelease/versionRelease.jsp', 2, 'fa fa-anchor', 'mds_07_04', 'mds');
INSERT INTO T_SM_MENU VALUES ('mds_07_05', '元数据导出', '元数据导出', '2', '', 5, 'fa fa-cloud-download', 'mds_07', 'mds');
INSERT INTO T_SM_MENU VALUES ('mds_07_05_01', '元数据映射导出', '元数据映射导出', '3', 'page/mb/mateExport/exportMappingTree/exportMappingTree.jsp', 1, 'fa fa-chain-broken', 'mds_07_05', 'mds');
INSERT INTO T_SM_MENU VALUES ('mds_07_05_02', '数据字典导出', '数据字典导出', '3', 'page/mb/mateExport/exportDictionaryTree/exportDictionaryTree.jsp', 2, 'fa fa-database', 'mds_07_05', 'mds');
INSERT INTO T_SM_MENU VALUES ('mds_07_05_03', '元数据导出', '元数据导出', '3', 'page/mb/mateExport/exportMetadataTree/exportMetadataTree.jsp', 3, 'fa fa-cube', 'mds_07_05', 'mds');
INSERT INTO T_SM_MENU VALUES ('mds_07_06', '视图管理', '视图管理', '2', '', 6, 'fa fa-desktop', 'mds_07', 'mds');
INSERT INTO T_SM_MENU VALUES ('mds_07_06_01', '系统视图', '系统视图', '3', 'page/mb/view/viewList.jsp', 1, 'fa fa-windows', 'mds_07_06', 'mds');
INSERT INTO T_SM_MENU VALUES ('mds_07_07', '采集模板管理', '采集模板管理', '2', '', 7, 'fa fa-file-archive-o', 'mds_07', 'mds');
INSERT INTO T_SM_MENU VALUES ('mds_07_07_01', '模板映射管理', '模板映射管理', '3', 'page/mb/templet/tplMapList.jsp', 1, 'fa fa-file-excel-o', 'mds_07_07', 'mds');
INSERT INTO T_SM_MENU VALUES ('mds_07_08', '映射管理', '映射管理', '2', '', 8, 'fa fa-unlink', 'mds_07', 'mds');
INSERT INTO T_SM_MENU VALUES ('mds_07_08_01', '元数据映射管理', '元数据映射管理', '3', 'page/mb/metaMapping/metaMapping.jsp', 1, 'fa fa-windows', 'mds_07_08', 'mds');
INSERT INTO T_SM_MENU VALUES ('mds_07_09', '权限管理', '权限管理', '2', '', 9, 'fa fa-magic', 'mds_07', 'mds');
INSERT INTO T_SM_MENU VALUES ('mds_07_09_01', '机构管理', '机构管理', '3', 'page/sm/org/org.jsp', 1, 'fa fa-group', 'mds_07_09', 'mds');
INSERT INTO T_SM_MENU VALUES ('mds_07_09_02', '人员管理', '人员管理', '3', 'page/sm/user/userList.jsp', 2, 'fa fa-user', 'mds_07_09', 'mds');
INSERT INTO T_SM_MENU VALUES ('mds_07_09_03', '角色管理', '角色管理', '3', 'page/sm/role/roleList.jsp', 3, 'fa fa-male', 'mds_07_09', 'mds');
INSERT INTO T_SM_MENU VALUES ('mds_07_09_04', '权限类别管理', '权限类别管理', '3', 'page/sm/privCate/privCate.jsp', 4, 'fa fa-list-ul', 'mds_07_09', 'mds');
INSERT INTO T_SM_MENU VALUES ('mds_07_09_05', '权限管理', '权限管理', '3', 'page/sm/privlg/privlgList.jsp', 5, 'fa fa-empire', 'mds_07_09', 'mds');
INSERT INTO T_SM_MENU VALUES ('mds_07_09_06', '菜单管理', '菜单管理', '3', 'page/sm/menu/menuList.jsp', 6, 'fa fa-th-large', 'mds_07_09', 'mds');
INSERT INTO T_SM_MENU VALUES ('mds_07_09_07', '按钮管理', '按钮管理', '3', 'page/sm/btn/btnList.jsp', 7, 'fa fa-btc', 'mds_07_09', 'mds');
INSERT INTO T_SM_MENU VALUES ('mds_08', '元模型', '元模型', '1', 'page/em/main.jsp', 8, 'icon', '', 'mds');


delete  from T_SM_PRIV;
INSERT INTO T_SM_PRIV VALUES ('priv20151112174107gw8srnbc24v100', '大数据平台_大数据应用_新增', '大数据平台_大数据应用_新增', '大数据平台_大数据应用_新增', 2, '系统权限', '', '20151112', '1');
INSERT INTO T_SM_PRIV VALUES ('priv20151112174221ds75u4ntgru800', '大数据平台_大数据应用_修改', '大数据平台_大数据应用_修改', '大数据平台_大数据应用_修改', 2, '系统权限', '', '20151112', '1');
INSERT INTO T_SM_PRIV VALUES ('priv201511121742536v7hopzi5kxe00', '大数据平台_大数据应用_删除', '大数据平台_大数据应用_删除', '大数据平台_大数据应用_删除', 2, '系统权限', '', '20151112', '1');
INSERT INTO T_SM_PRIV VALUES ('priv20151112174332kckpc02bf43g00', '大数据平台_大数据应用_维护映射关系', '大数据平台_大数据应用_维护映射关系', '大数据平台_大数据应用_维护映射关系', 2, '系统权限', '', '20151112', '1');
INSERT INTO T_SM_PRIV VALUES ('priv2015111217440606dxr48p4mi100', '大数据平台_大数据应用_版本管理', '大数据平台_大数据应用_版本管理', '大数据平台_大数据应用_版本管理', 2, '系统权限', '', '20151112', '1');
INSERT INTO T_SM_PRIV VALUES ('priv20151112174437m2qy0i12n6da00', '大数据平台_大数据应用_影响分析', '大数据平台_大数据应用_影响分析', '大数据平台_大数据应用_影响分析', 2, '系统权限', '', '20151112', '1');
INSERT INTO T_SM_PRIV VALUES ('priv20151112174724jvr32unv74de00', '大数据平台_大数据应用_血统分析', '大数据平台_大数据应用_血统分析', '大数据平台_大数据应用_血统分析', 2, '系统权限', '', '20151112', '1');
INSERT INTO T_SM_PRIV VALUES ('priv20151113152437rf2dwm53jt2700', '大数据平台_大数据应用_查看详细', '大数据平台_大数据应用_查看详细', '大数据平台_大数据应用_查看详细', 2, '系统权限', '', '20151112', '1');
INSERT INTO T_SM_PRIV VALUES ('priv201511131525044k4bsmv3uf0i00', '大数据平台_大数据应用_添加', '大数据平台_大数据应用_添加', '大数据平台_大数据应用_添加', 2, '系统权限', '', '20151112', '1');
INSERT INTO T_SM_PRIV VALUES ('priv_mds_00', '首页菜单', '首页菜单', '首页菜单', 2, '系统权限', '', '20150813', '1');
INSERT INTO T_SM_PRIV VALUES ('priv_mds_01', '数据地图菜单', '数据地图菜单', '数据地图菜单', 2, '系统权限', '', '20150813', '1');
INSERT INTO T_SM_PRIV VALUES ('priv_mds_02', '应用系统菜单', '应用系统菜单', '应用系统菜单', 2, '系统权限', '', '20150813', '1');
INSERT INTO T_SM_PRIV VALUES ('priv_mds_03', '大数据平台菜单', '大数据平台菜单', '大数据平台菜单', 2, '系统权限', '', '20150813', '1');
INSERT INTO T_SM_PRIV VALUES ('priv_mds_04', 'UTA快照管理菜单', 'UTA快照管理菜单', 'UTA快照管理菜单', 2, '系统权限', '', '20150813', '1');
INSERT INTO T_SM_PRIV VALUES ('priv_mds_05', '数据库对象查询菜单', '数据库对象查询菜单', '数据库对象查询菜单', 2, '系统权限', '', '20150813', '1');
INSERT INTO T_SM_PRIV VALUES ('priv_mds_05_01', '数据库对象查询菜单', '数据库对象查询菜单', '数据库对象查询菜单', 2, '系统权限', 'priv_mds_05', '20150813', '1');
INSERT INTO T_SM_PRIV VALUES ('priv_mds_05_01_01', '数据表查询菜单', '数据表查询菜单', '数据表查询菜单', 2, '系统权限', 'priv_mds_05_01', '20150813', '1');
INSERT INTO T_SM_PRIV VALUES ('priv_mds_05_01_02', '数据流查询菜单', '数据流查询菜单', '数据流查询菜单', 2, '系统权限', 'priv_mds_05_01', '20150813', '1');
INSERT INTO T_SM_PRIV VALUES ('priv_mds_06', '统计分析菜单', '统计分析菜单', '统计分析菜单', 2, '系统权限', '', '20150813', '1');
INSERT INTO T_SM_PRIV VALUES ('priv_mds_07', '系统管理菜单', '系统管理菜单', '系统管理菜单', 2, '系统权限', '', '20150813', '1');
INSERT INTO T_SM_PRIV VALUES ('priv_mds_07_01', '元数据采集管理菜单', '元数据采集管理菜单', '元数据采集管理菜单', 2, '系统权限', 'priv_mds_07', '20150813', '1');
INSERT INTO T_SM_PRIV VALUES ('priv_mds_07_01_01', '适配器菜单', '适配器菜单', '适配器菜单', 2, '系统权限', 'priv_mds_07_01', '20150813', '1');
INSERT INTO T_SM_PRIV VALUES ('priv_mds_07_01_02', '数据源菜单', '数据源菜单', '数据源菜单', 2, '系统权限', 'priv_mds_07_01', '20150813', '1');
INSERT INTO T_SM_PRIV VALUES ('priv_mds_07_01_03', '任务配置菜单', '任务配置菜单', '任务配置菜单', 2, '系统权限', 'priv_mds_07_01', '20150813', '1');
INSERT INTO T_SM_PRIV VALUES ('priv_mds_07_01_04', '手动采集菜单', '手动采集菜单', '手动采集菜单', 2, '系统权限', 'priv_mds_07_01', '20150813', '1');
INSERT INTO T_SM_PRIV VALUES ('priv_mds_07_01_05', '采集日志菜单', '采集日志菜单', '采集日志菜单', 2, '系统权限', 'priv_mds_07_01', '20150813', '1');
INSERT INTO T_SM_PRIV VALUES ('priv_mds_07_02', '元数据抽取管理菜单', '元数据抽取管理菜单', '元数据抽取管理菜单', 2, '系统权限', 'priv_mds_07', '20150813', '1');
INSERT INTO T_SM_PRIV VALUES ('priv_mds_07_02_01', '数据库版本类型定义菜单', '数据库版本类型定义菜单', '数据库版本类型定义菜单', 2, '系统权限', 'priv_mds_07_02', '20150813', '1');
INSERT INTO T_SM_PRIV VALUES ('priv_mds_07_02_02', '数据源配置菜单', '数据源配置菜单', '数据源配置菜单', 2, '系统权限', 'priv_mds_07_02', '20150813', '1');
INSERT INTO T_SM_PRIV VALUES ('priv_mds_07_02_03', '抽取任务菜单', '抽取任务菜单', '抽取任务菜单', 2, '系统权限', 'priv_mds_07_02', '20150813', '1');
INSERT INTO T_SM_PRIV VALUES ('priv_mds_07_02_04', '抽取日志菜单', '抽取日志菜单', '抽取日志菜单', 2, '系统权限', 'priv_mds_07_02', '20150813', '1');
INSERT INTO T_SM_PRIV VALUES ('priv_mds_07_03', '元数据变更管理菜单', '元数据变更管理菜单', '元数据变更管理菜单', 2, '系统权限', 'priv_mds_07', '20150813', '1');
INSERT INTO T_SM_PRIV VALUES ('priv_mds_07_03_01', '元数据变更报表菜单', '元数据变更报表菜单', '元数据变更报表菜单', 2, '系统权限', 'priv_mds_07_03', '20150813', '1');
INSERT INTO T_SM_PRIV VALUES ('priv_mds_07_03_02', '元数据变更查询菜单', '元数据变更查询菜单', '元数据变更查询菜单', 2, '系统权限', 'priv_mds_07_03', '20150813', '1');
INSERT INTO T_SM_PRIV VALUES ('priv_mds_07_03_03', '元数据变更订阅菜单', '元数据变更订阅菜单', '元数据变更订阅菜单', 2, '系统权限', 'priv_mds_07_03', '20150813', '1');
INSERT INTO T_SM_PRIV VALUES ('priv_mds_07_04', '元数据版本管理菜单', '元数据版本管理菜单', '元数据版本管理菜单', 2, '系统权限', 'priv_mds_07', '20150813', '1');
INSERT INTO T_SM_PRIV VALUES ('priv_mds_07_04_01', '版本查询菜单', '版本查询菜单', '版本查询菜单', 2, '系统权限', 'priv_mds_07_04', '20150813', '1');
INSERT INTO T_SM_PRIV VALUES ('priv_mds_07_04_02', '版本发布菜单', '版本发布菜单', '版本发布菜单', 2, '系统权限', 'priv_mds_07_04', '20150813', '1');
INSERT INTO T_SM_PRIV VALUES ('priv_mds_07_05', '元数据导出菜单', '元数据导出菜单', '元数据导出菜单', 2, '系统权限', 'priv_mds_07', '20150813', '1');
INSERT INTO T_SM_PRIV VALUES ('priv_mds_07_05_01', '元数据映射导出菜单', '元数据映射导出菜单', '元数据映射导出菜单', 2, '系统权限', 'priv_mds_07_05', '20150813', '1');
INSERT INTO T_SM_PRIV VALUES ('priv_mds_07_05_02', '数据字典导出菜单', '数据字典导出菜单', '数据字典导出菜单', 2, '系统权限', 'priv_mds_07_05', '20150813', '1');
INSERT INTO T_SM_PRIV VALUES ('priv_mds_07_05_03', '元数据导出菜单', '元数据导出菜单', '元数据导出菜单', 2, '系统权限', 'priv_mds_07_05', '20150813', '1');
INSERT INTO T_SM_PRIV VALUES ('priv_mds_07_06', '视图管理菜单', '视图管理菜单', '视图管理菜单', 2, '系统权限', 'priv_mds_07', '20150813', '1');
INSERT INTO T_SM_PRIV VALUES ('priv_mds_07_06_01', '系统视图菜单', '系统视图菜单', '系统视图菜单', 2, '系统权限', 'priv_mds_07_06', '20150813', '1');
INSERT INTO T_SM_PRIV VALUES ('priv_mds_07_07', '采集模板管理菜单', '采集模板管理菜单', '采集模板管理菜单', 2, '系统权限', 'priv_mds_07', '20150813', '1');
INSERT INTO T_SM_PRIV VALUES ('priv_mds_07_07_01', '模板映射管理菜单', '模板映射管理菜单', '模板映射管理菜单', 2, '系统权限', 'priv_mds_07_07', '20150813', '1');
INSERT INTO T_SM_PRIV VALUES ('priv_mds_07_08', '映射管理菜单', '映射管理菜单', '映射管理菜单', 2, '系统权限', 'priv_mds_07', '20150813', '1');
INSERT INTO T_SM_PRIV VALUES ('priv_mds_07_08_01', '元数据映射管理菜单', '元数据映射管理菜单', '元数据映射管理菜单', 2, '系统权限', 'priv_mds_07_08', '20150813', '1');
INSERT INTO T_SM_PRIV VALUES ('priv_mds_07_09', '权限管理菜单', '权限管理菜单', '权限管理菜单', 2, '系统权限', 'priv_mds_07', '20150813', '1');
INSERT INTO T_SM_PRIV VALUES ('priv_mds_07_09_01', '机构管理菜单', '机构管理菜单', '机构管理菜单', 2, '系统权限', 'priv_mds_07_09', '', '1');
INSERT INTO T_SM_PRIV VALUES ('priv_mds_07_09_02', '人员管理菜单', '人员管理菜单', '人员管理菜单', 2, '系统权限', 'priv_mds_07_09', '20150813', '1');
INSERT INTO T_SM_PRIV VALUES ('priv_mds_07_09_03', '角色管理菜单', '角色管理菜单', '角色管理菜单', 2, '系统权限', 'priv_mds_07_09', '20150813', '1');
INSERT INTO T_SM_PRIV VALUES ('priv_mds_07_09_04', '权限类别管理菜单', '权限类别管理菜单', '权限类别管理菜单', 2, '系统权限', 'priv_mds_07_09', '20150813', '1');
INSERT INTO T_SM_PRIV VALUES ('priv_mds_07_09_05', '权限管理菜单', '权限管理菜单', '权限管理菜单', 2, '系统权限', 'priv_mds_07_09', '20150813', '1');
INSERT INTO T_SM_PRIV VALUES ('priv_mds_07_09_06', '菜单管理菜单', '菜单管理菜单', '菜单管理菜单', 2, '系统权限', 'priv_mds_07_09', '20150813', '1');
INSERT INTO T_SM_PRIV VALUES ('priv_mds_07_09_07', '按钮管理菜单', '按钮管理菜单', '按钮管理菜单', 2, '系统权限', 'priv_mds_07_09', '20150813', '1');
INSERT INTO T_SM_PRIV VALUES ('priv_mds_08', '元模型菜单', '元模型菜单', '元模型菜单', 2, '系统权限', '', '20150813', '1');

delete  from T_SM_BTN_PRIV_CFG;
INSERT INTO T_SM_BTN_PRIV_CFG VALUES ('btn-priv20151112195243hajk500', 'btn20151112172623jbmpihpjor5w00', 'priv20151112174107gw8srnbc24v100', 2);
INSERT INTO T_SM_BTN_PRIV_CFG VALUES ('btn-priv20151113093251eyjl200', 'btn20151112172719bo2ubrvxukbc00', 'priv20151112174221ds75u4ntgru800', 2);
INSERT INTO T_SM_BTN_PRIV_CFG VALUES ('btn-priv20151113093303psucp00', 'btn20151112172853dauti02ftrk700', 'priv201511121742536v7hopzi5kxe00', 2);
INSERT INTO T_SM_BTN_PRIV_CFG VALUES ('btn-priv20151113093315x732q00', 'btn20151112172936lfuqfulsfmr900', 'priv20151112174332kckpc02bf43g00', 2);
INSERT INTO T_SM_BTN_PRIV_CFG VALUES ('btn-priv201511130933279rmwo00', 'btn20151112173102t5uxxcyomk8x00', 'priv2015111217440606dxr48p4mi100', 2);
INSERT INTO T_SM_BTN_PRIV_CFG VALUES ('btn-priv20151113093339x2i1600', 'btn20151112173129fi81jez9vcto00', 'priv20151112174437m2qy0i12n6da00', 2);
INSERT INTO T_SM_BTN_PRIV_CFG VALUES ('btn-priv20151113093350ioz4f00', 'btn20151112173223mlddx8vrsd0100', 'priv20151112174724jvr32unv74de00', 2);
INSERT INTO T_SM_BTN_PRIV_CFG VALUES ('btn-priv201511131528489nmif00', 'btn201511131520277nhdkvxzbjlc00', 'priv201511131525044k4bsmv3uf0i00', 2);
INSERT INTO T_SM_BTN_PRIV_CFG VALUES ('btn-priv20151113152931r2krr00', 'btn201511131521273z9q7dv0gxo100', 'priv20151113152437rf2dwm53jt2700', 2);



delete  from T_SM_MENU_PRIV_CFG;
INSERT INTO T_SM_MENU_PRIV_CFG VALUES ('mds_menu_00', '', 'mds_00', 'priv_mds_00', 2);
INSERT INTO T_SM_MENU_PRIV_CFG VALUES ('mds_menu_01', '', 'mds_01', 'priv_mds_01', 2);
INSERT INTO T_SM_MENU_PRIV_CFG VALUES ('mds_menu_02', '', 'mds_02', 'priv_mds_02', 2);
INSERT INTO T_SM_MENU_PRIV_CFG VALUES ('mds_menu_03', '', 'mds_03', 'priv_mds_03', 2);
INSERT INTO T_SM_MENU_PRIV_CFG VALUES ('mds_menu_04', '', 'mds_04', 'priv_mds_04', 2);
INSERT INTO T_SM_MENU_PRIV_CFG VALUES ('mds_menu_05', '', 'mds_05', 'priv_mds_05', 2);
INSERT INTO T_SM_MENU_PRIV_CFG VALUES ('mds_menu_05_01', 'mds_05', 'mds_05_01', 'priv_mds_05_01', 2);
INSERT INTO T_SM_MENU_PRIV_CFG VALUES ('mds_menu_05_01_01', 'mds_05_01', 'mds_05_01_01', 'priv_mds_05_01_01', 2);
INSERT INTO T_SM_MENU_PRIV_CFG VALUES ('mds_menu_05_01_02', 'mds_05_01', 'mds_05_01_02', 'priv_mds_05_01_02', 2);
INSERT INTO T_SM_MENU_PRIV_CFG VALUES ('mds_menu_06', '', 'mds_06', 'priv_mds_06', 2);
INSERT INTO T_SM_MENU_PRIV_CFG VALUES ('mds_menu_07', '', 'mds_07', 'priv_mds_07', 2);
INSERT INTO T_SM_MENU_PRIV_CFG VALUES ('mds_menu_07_01', 'mds_07', 'mds_07_01', 'priv_mds_07_01', 2);
INSERT INTO T_SM_MENU_PRIV_CFG VALUES ('mds_menu_07_01_01', 'mds_07_01', 'mds_07_01_01', 'priv_mds_07_01_01', 2);
INSERT INTO T_SM_MENU_PRIV_CFG VALUES ('mds_menu_07_01_02', 'mds_07_01', 'mds_07_01_02', 'priv_mds_07_01_02', 2);
INSERT INTO T_SM_MENU_PRIV_CFG VALUES ('mds_menu_07_01_03', 'mds_07_01', 'mds_07_01_03', 'priv_mds_07_01_03', 2);
INSERT INTO T_SM_MENU_PRIV_CFG VALUES ('mds_menu_07_01_04', 'mds_07_01', 'mds_07_01_04', 'priv_mds_07_01_04', 2);
INSERT INTO T_SM_MENU_PRIV_CFG VALUES ('mds_menu_07_01_05', 'mds_07_01', 'mds_07_01_05', 'priv_mds_07_01_05', 2);
INSERT INTO T_SM_MENU_PRIV_CFG VALUES ('mds_menu_07_02', 'mds_07', 'mds_07_02', 'priv_mds_07_02', 2);
INSERT INTO T_SM_MENU_PRIV_CFG VALUES ('mds_menu_07_02_01', 'mds_07_02', 'mds_07_02_01', 'priv_mds_07_02_01', 2);
INSERT INTO T_SM_MENU_PRIV_CFG VALUES ('mds_menu_07_02_02', 'mds_07_02', 'mds_07_02_02', 'priv_mds_07_02_02', 2);
INSERT INTO T_SM_MENU_PRIV_CFG VALUES ('mds_menu_07_02_03', 'mds_07_02', 'mds_07_02_03', 'priv_mds_07_02_03', 2);
INSERT INTO T_SM_MENU_PRIV_CFG VALUES ('mds_menu_07_02_04', 'mds_07_02', 'mds_07_02_04', 'priv_mds_07_02_04', 2);
INSERT INTO T_SM_MENU_PRIV_CFG VALUES ('mds_menu_07_03', 'mds_07', 'mds_07_03', 'priv_mds_07_03', 2);
INSERT INTO T_SM_MENU_PRIV_CFG VALUES ('mds_menu_07_03_01', 'mds_07_03', 'mds_07_03_01', 'priv_mds_07_03_01', 2);
INSERT INTO T_SM_MENU_PRIV_CFG VALUES ('mds_menu_07_03_02', 'mds_07_03', 'mds_07_03_02', 'priv_mds_07_03_02', 2);
INSERT INTO T_SM_MENU_PRIV_CFG VALUES ('mds_menu_07_03_03', 'mds_07_03', 'mds_07_03_02', 'priv_mds_07_03_03', 2);
INSERT INTO T_SM_MENU_PRIV_CFG VALUES ('mds_menu_07_04', 'mds_07', 'mds_07_04', 'priv_mds_07_04', 2);
INSERT INTO T_SM_MENU_PRIV_CFG VALUES ('mds_menu_07_04_01', 'mds_07_04', 'mds_07_04_01', 'priv_mds_07_04_01', 2);
INSERT INTO T_SM_MENU_PRIV_CFG VALUES ('mds_menu_07_04_02', 'mds_07_04', 'mds_07_04_02', 'priv_mds_07_04_02', 2);
INSERT INTO T_SM_MENU_PRIV_CFG VALUES ('mds_menu_07_05', 'mds_07', 'mds_07_05', 'priv_mds_07_05', 2);
INSERT INTO T_SM_MENU_PRIV_CFG VALUES ('mds_menu_07_05_01', 'mds_07_05', 'mds_07_05_01', 'priv_mds_07_05_01', 2);
INSERT INTO T_SM_MENU_PRIV_CFG VALUES ('mds_menu_07_05_02', 'mds_07_05', 'mds_07_05_02', 'priv_mds_07_05_02', 2);
INSERT INTO T_SM_MENU_PRIV_CFG VALUES ('mds_menu_07_05_03', 'mds_07_05', 'mds_07_05_03', 'priv_mds_07_05_03', 2);
INSERT INTO T_SM_MENU_PRIV_CFG VALUES ('mds_menu_07_06', 'mds_07', 'mds_07_06', 'priv_mds_07_06', 2);
INSERT INTO T_SM_MENU_PRIV_CFG VALUES ('mds_menu_07_06_01', 'mds_07_06', 'mds_07_06_01', 'priv_mds_07_06_01', 2);
INSERT INTO T_SM_MENU_PRIV_CFG VALUES ('mds_menu_07_07', 'mds_07', 'mds_07_07', 'priv_mds_07_07', 2);
INSERT INTO T_SM_MENU_PRIV_CFG VALUES ('mds_menu_07_07_01', 'mds_07_07', 'mds_07_07_01', 'priv_mds_07_07_01', 2);
INSERT INTO T_SM_MENU_PRIV_CFG VALUES ('mds_menu_07_08', 'mds_07', 'mds_07_08', 'priv_mds_07_08', 2);
INSERT INTO T_SM_MENU_PRIV_CFG VALUES ('mds_menu_07_08_01', 'mds_07_08', 'mds_07_08_01', 'priv_mds_07_08_01', 2);
INSERT INTO T_SM_MENU_PRIV_CFG VALUES ('mds_menu_07_09', 'mds_07', 'mds_07_09', 'priv_mds_07_09', 2);
INSERT INTO T_SM_MENU_PRIV_CFG VALUES ('mds_menu_07_09_01', 'mds_07_09', 'mds_07_09_01', 'priv_mds_07_09_01', 2);
INSERT INTO T_SM_MENU_PRIV_CFG VALUES ('mds_menu_07_09_02', 'mds_07_09', 'mds_07_09_02', 'priv_mds_07_09_02', 2);
INSERT INTO T_SM_MENU_PRIV_CFG VALUES ('mds_menu_07_09_03', 'mds_07_09', 'mds_07_09_03', 'priv_mds_07_09_03', 2);
INSERT INTO T_SM_MENU_PRIV_CFG VALUES ('mds_menu_07_09_04', 'mds_07_09', 'mds_07_09_04', 'priv_mds_07_09_04', 2);
INSERT INTO T_SM_MENU_PRIV_CFG VALUES ('mds_menu_07_09_05', 'mds_07_09', 'mds_07_09_05', 'priv_mds_07_09_05', 2);
INSERT INTO T_SM_MENU_PRIV_CFG VALUES ('mds_menu_07_09_06', 'mds_07_09', 'mds_07_09_06', 'priv_mds_07_09_06', 2);
INSERT INTO T_SM_MENU_PRIV_CFG VALUES ('mds_menu_07_09_07', 'mds_07_09', 'mds_07_09_07', 'priv_mds_07_09_07', 2);
INSERT INTO T_SM_MENU_PRIV_CFG VALUES ('mds_menu_08', '', 'mds_08', 'priv_mds_08', 2);